Geography Identifier,geography, total_population_2010, total_population_under_5_years_all_races_2010, percent_under_5_all_races_2010, total_under_18_all_2010, percent_under_18_2010_all_races, total_65_and_over_2010_all_races, percent_65_and_over_all_races_2010, total_population_black_2010, total_black_under_5_2010, total_black_under_18_2010, total_black_65_and_over_2010, percent_black_under_5_2010, percent_black_under_18_2010, percent_black_65_plus_2010, total_population_asian_2010, total_asian_under_5_2010, total_asian_under_18_2010, total_asian_65_and_over_2010, percent_asian_under_5_2010, percent_asian_under_18_2010, percent_asian_65_plus_2010, total_population_two_or_more_races_2010, total_two_or_more_under_5_2010, total_two_or_more_under_18_2010, total_two_or_more_65_and_over_2010, percent_two_or_more_under_5_2010, percent_two_or_more_under_2010_18_2010, percent_two_or_more_2010_65_plus_2010, total_population_Latino_2010, total_latino_under_5_2010, total_latino_under_18_2010, total_latino_65_and_over_2010, total_latino_under_5_2010, total_latino_under_18_2010, total_latino_65_plus_2010, total_population_white_2010, total_white_under_5_2010, total_white_under_18_2010, total_white_65_and_over_2010, percent_white_under_5_2010, percent_white_under_18_2010, total_white_65_plus_2010, total_population_black_2000, total_black_under_5_2000, total_black_under_18_2000, total_black_65_and_over_2000, percent_under_5_black_2000, percent_5_under_18_black_2000, total_65_and_over_black_2000, total_population_Asian_2000, total_under_5_Asian_2000, total_asian_under_18_2000, total_65_and_over_asian_2000, percent_under_5_asian_2000, percent_under_18_asian_2000, percent_65_plus_asian_2000, total_population_two_or_more_races_2000, total_two_or_more_under_5_total_2000, total_two_or_more_under_18_2000, total_65_and_over_two_or_more_races_2000, percent_two_or_more_under_5_2000, percent_two_or_more_races_under_18_2000, percent_two_or_more_65_plus_2000, total_population_latino_2000, totalunder_5_latino_2000, total_latino_under_18_2000, total_65_and_over_latino_2000, percent_under_5_latino_2000, percent_under_18_latino_2000, percent_65_plus_latino_2000, total_population_white_2000, totalunder_5_white_2000, total_white_under_18_2000, total_65_and_over_white_2000, percent_under_5_white_2000, percent_under_18_white_2000, percent_white_65_plus_2000,
8001,"Adams County, Colorado", 441603,37669,8.5%,126123,28.6%,36862,8.3%,13539,1193,4143,736,8.80%,30.60%,5.40%,15931,1240,4316,1286,7.80%,27.10%,8.10%,17504,2866,8398,589,16.40%,48.00%,3.40%,167878,19026,63493,7198,11.30%,37.80%,4.30%,234970,14916,50378,27249,6.30%,21.40%,11.60%,10818,1094,3920,379,10.10%,36.20%,3.50%,11662,1057,3572,811,9.10%,30.60%,7.00%,12693,2044,12421,407,16.10%,97.90%,3.20%,102585,11942,37133,3686,11.60%,36.20%,3.60%,230500,15545,56091,23172,6.70%,24.30%,10.10%
8003,"Alamosa County, Colorado",    15445,1201,7.8%,3828,24.8%,1752,11.3%,172,10,30,4,5.80%,17.40%,2.30%,148,3,26,12,2.00%,17.60%,8.10%,675,89,256,51,13.20%,37.90%,7.60%,7110,744,2214,588,10.50%,31.10%,8.30%,7667,414,1464,1131,5.40%,19.10%,14.80%,145,9,34,4,6.20%,23.40%,2.80%,122,7,32,15,5.70%,26.20%,12.30%,623,70,566,25,11.20%,90.90%,4.00%,6197,572,2095,457,9.20%,33.80%,7.40%,8089,419,1777,949,5.20%,22.00%,11.70%
8005,"Arapahoe County, Colorado",   572003,40695,7.1%,147324,25.8%,57580,10.1%,58107,4874,17549,3210,8.40%,30.20%,5.50%,29077,1776,7285,2417,6.10%,25.10%,8.30%,24357,4122,12866,519,16.90%,52.80%,2.10%,105522,12516,40461,3278,11.90%,38.30%,3.10%,361747,18986,73687,48133,5.20%,20.40%,13.30%,37428,3208,12000,1312,8.60%,32.10%,3.50%,19259,1323,5036,1197,6.90%,26.10%,6.20%,15411,2657,15265,365,17.20%,99.10%,2.40%,57612,7000,20734,1423,12.20%,36.00%,2.50%,360744,20355,86872,37625,5.60%,24.10%,10.40%
8007,"Archuleta County, Colorado",    12084,598,4.9%,2408,19.9%,2116,17.5%,37,5,18,3,13.50%,48.60%,8.10%,89,4,20,10,4.50%,22.50%,11.20%,341,40,150,19,11.70%,44.00%,5.60%,2148,190,682,203,8.80%,31.80%,9.50%,9446,366,1561,1873,3.90%,16.50%,19.80%,35,2,21,1,5.70%,60.00%,2.90%,31,7,9,2,22.60%,29.00%,6.50%,257,36,255,17,14.00%,99.20%,6.60%,1659,150,577,149,9.00%,34.80%,9.00%,7927,353,1825,1003,4.50%,23.00%,12.70%
8009,"Baca County, Colorado",     3788,213,5.6%,814,21.5%,911,24.0%,24,2,9,1,8.30%,37.50%,4.20%,6,0,0,0,0.00%,0.00%,0.00%,59,9,25,6,15.30%,42.40%,10.20%,348,40,139,26,11.50%,39.90%,7.50%,3323,163,644,871,4.90%,19.40%,26.20%,2,0,0,0,0.00%,0.00%,0.00%,7,0,0,2,0.00%,0.00%,28.60%,81,13,73,6,16.00%,90.10%,7.40%,317,38,123,29,12.00%,38.80%,9.10%,4084,218,951,971,5.30%,23.30%,23.80%
8011,"Bent County, Colorado",     6499,287,4.4%,1096,16.9%,888,13.7%,496,2,10,11,0.40%,2.00%,2.20%,62,1,12,3,1.60%,19.40%,4.80%,126,16,46,17,12.70%,36.50%,13.50%,1985,114,448,170,5.70%,22.60%,8.60%,3832,160,602,686,4.20%,15.70%,17.90%,219,5,11,9,2.30%,5.00%,4.10%,34,1,3,8,2.90%,8.80%,23.50%,226,31,211,22,13.70%,93.40%,9.70%,1814,150,574,186,8.30%,31.60%,10.30%,3794,194,797,740,5.10%,21.00%,19.50%
8013,"Boulder County, Colorado",   294567,16499,5.6%,62754,21.3%,29521,10.0%,2532,146,571,145,5.80%,22.60%,5.70%,12133,717,2682,623,5.90%,22.10%,5.10%,7881,1122,3547,197,14.20%,45.00%,2.50%,39276,4191,14100,1535,10.70%,35.90%,3.90%,233741,10612,42611,26999,4.50%,18.20%,11.60%,2559,181,625,95,7.10%,24.40%,3.70%,8915,685,2071,327,7.70%,23.20%,3.70%,6351,849,5828,172,13.40%,91.80%,2.70%,30456,3423,10729,854,11.20%,35.20%,2.80%,243512,12619,51342,21225,5.20%,21.10%,8.70%
8014,"Broomfield County, Colorado",    55889,3944,7.1%,14652,26.2%,5508,9.9%,587,35,172,34,6.00%,29.30%,5.80%,3407,240,960,199,7.00%,28.20%,5.80%,1569,294,872,36,18.70%,55.60%,2.30%,6216,624,2378,242,10.00%,38.30%,3.90%,44358,2829,10508,4994,6.40%,23.70%,11.30%,,,,,,,,,,,,,,,,,,,,,,,,,,,,,,,,,, ,
8015,"Chaffee County, Colorado",    17809,764,4.3%,2988,16.8%,3523,19.8%,275,3,11,3,1.10%,4.00%,1.10%,106,6,21,10,5.70%,19.80%,9.40%,284,32,108,22,11.30%,38.00%,7.70%,1678,97,341,160,5.80%,20.30%,9.50%,15417,636,2524,3329,4.10%,16.40%,21.60%,257,0,1,3,0.00%,0.40%,1.20%,71,2,20,1,2.80%,28.20%,1.40%,274,31,250,20,11.30%,91.20%,7.30%,1393,59,273,138,4.20%,19.60%,9.90%,14174,637,2804,2598,4.50%,19.80%,18.30%
8017,"Cheyenne County, Colorado",     1836,130,7.1%,450,24.5%,328,17.9%,7,0,3,0,0.00%,42.90%,0.00%,11,1,5,0,9.10%,45.50%,0.00%,18,6,8,2,33.30%,44.40%,11.10%,178,26,74,4,14.60%,41.60%,2.20%,1617,98,361,321,6.10%,22.30%,19.90%,11,3,6,1,27.30%,54.50%,9.10%,3,0,2,0,0.00%,66.70%,0.00%,14,1,9,2,7.10%,64.30%,14.30%,181,29,88,4,16.00%,48.60%,2.20%,2018,110,539,363,5.50%,26.70%,18.00%
8019,"Clear Creek County, Colorado",     9088,447,4.9%,1571,17.3%,1132,12.5%,56,3,10,5,5.40%,17.90%,8.90%,51,3,10,4,5.90%,19.60%,7.80%,156,25,64,5,16.00%,41.00%,3.20%,429,35,121,27,8.20%,28.20%,6.30%,8371,381,1368,1088,4.60%,16.30%,13.00%,26,2,6,0,7.70%,23.10%,0.00%,34,2,6,5,5.90%,17.60%,14.70%,112,19,102,3,17.00%,91.10%,2.70%,361,27,113,11,7.50%,31.30%,3.00%,8759,478,1920,639,5.50%,21.90%,7.30%
8021,"Conejos County, Colorado",     8256,650,7.9%,2336,28.3%,1254,15.2%,27,0,6,2,0.00%,22.20%,7.40%,23,1,8,4,4.30%,34.80%,17.40%,337,35,109,50,10.40%,32.30%,14.80%,4620,356,1304,697,7.70%,28.20%,15.10%,3451,281,971,537,8.10%,28.10%,15.60%,18,2,13,0,11.10%,72.20%,0.00%,13,0,3,2,0.00%,23.10%,15.40%,303,38,282,30,12.50%,93.10%,9.90%,4949,392,1622,712,7.90%,32.80%,14.40%,3298,251,1006,530,7.60%,30.50%,16.10%
8023,"Costilla County, Colorado",     3524,175,5.0%,736,20.9%,807,22.9%,24,5,6,7,20.80%,25.00%,29.20%,34,0,2,10,0.00%,5.90%,29.40%,153,10,53,20,6.50%,34.60%,13.10%,2327,146,583,471,6.30%,25.10%,20.20%,1086,27,130,310,2.50%,12.00%,28.50%,29,1,6,5,3.40%,20.70%,17.20%,37,0,9,11,0.00%,24.30%,29.70%,191,14,147,30,7.30%,77.00%,15.70%,2476,146,678,393,5.90%,27.40%,15.90%,1033,49,194,200,4.70%,18.80%,19.40%
8025,"Crowley County, Colorado",     5823,182,3.1%,789,13.5%,614,10.5%,559,0,3,3,0.00%,0.50%,0.50%,59,0,0,10,0.00%,0.00%,16.90%,101,12,48,4,11.90%,47.50%,4.00%,1686,68,264,87,4.00%,15.70%,5.20%,3369,109,499,503,3.20%,14.80%,14.90%,389,0,5,1,0.00%,1.30%,0.30%,45,0,0,7,0.00%,0.00%,15.60%,100,11,97,7,11.00%,97.00%,7.00%,1244,63,299,86,5.10%,24.00%,6.90%,3671,169,689,492,4.60%,18.80%,13.40%
8027,"Custer County, Colorado",     4255,136,3.2%,730,17.2%,954,22.4%,44,0,7,3,0.00%,15.90%,6.80%,16,1,4,1,6.30%,25.00%,6.30%,71,1,19,6,1.40%,26.80%,8.50%,200,7,48,20,3.50%,24.00%,10.00%,3914,127,653,919,3.20%,16.70%,23.50%,13,2,5,1,15.40%,38.50%,7.70%,10,2,3,0,20.00%,30.00%,0.00%,57,6,48,7,10.50%,84.20%,12.30%,88,7,25,13,8.00%,28.40%,14.80%,3299,177,720,493,5.40%,21.80%,14.90%
8029,"Delta County, Colorado",    30952,1752,5.7%,6851,22.1%,6239,20.2%,160,2,21,5,1.30%,13.10%,3.10%,160,6,37,18,3.80%,23.10%,11.30%,699,82,286,59,11.70%,40.90%,8.40%,4345,426,1568,297,9.80%,36.10%,6.80%,25685,1260,5022,5856,4.90%,19.60%,22.80%,146,4,13,2,2.70%,8.90%,1.40%,89,9,25,14,10.10%,28.10%,15.70%,509,53,461,47,10.40%,90.60%,9.20%,3171,322,1112,234,10.20%,35.10%,7.40%,23945,1240,5400,5177,5.20%,22.60%,21.60%
8031,"Denver County, Colorado",   600158,43515,7.3%,128766,21.5%,62132,10.4%,61435,4623,16097,6877,7.50%,26.20%,11.20%,20433,1280,4149,1866,6.30%,20.30%,9.10%,24559,3631,9741,1018,14.80%,39.70%,4.10%,190965,20670,65854,10816,10.80%,34.50%,5.70%,313012,15173,38138,41891,4.80%,12.20%,13.40%,61649,4596,18320,6060,7.50%,29.70%,9.80%,15611,1054,3174,1275,6.80%,20.30%,8.20%,20794,2711,18492,949,13.00%,88.90%,4.60%,175704,19308,60004,8261,11.00%,34.20%,4.70%,287997,11421,35988,46119,4.00%,12.50%,16.00%
8033,"Dolores County, Colorado",     2064,136,6.6%,462,22.4%,388,18.8%,4,0,0,1,0.00%,0.00%,25.00%,2,0,0,0,0.00%,0.00%,0.00%,50,10,34,2,20.00%,68.00%,4.00%,82,13,31,6,15.90%,37.80%,7.30%,1877,113,382,374,6.00%,20.40%,19.90%,1,0,0,0,0.00%,0.00%,0.00%,7,0,2,0,0.00%,28.60%,0.00%,31,3,27,2,9.70%,87.10%,6.50%,71,7,18,6,9.90%,25.40%,8.50%,1711,80,364,306,4.70%,21.30%,17.90%
8035,"Douglas County, Colorado",   285465,21900,7.7%,87012,30.5%,20343,7.1%,3476,222,1029,174,6.40%,29.60%,5.00%,10716,956,3273,577,8.90%,30.50%,5.40%,7406,1296,4291,112,17.50%,57.90%,1.50%,21392,2240,8574,655,10.50%,40.10%,3.10%,243297,17442,70626,18808,7.20%,29.00%,7.70%,1676,137,499,51,8.20%,29.80%,3.00%,4404,458,1292,155,10.40%,29.30%,3.50%,3296,687,3528,47,20.80%,107.00%,1.40%,8886,1069,3408,161,12.00%,38.40%,1.80%,157686,14726,48699,6904,9.30%,30.90%,4.40%
8037,"Eagle County, Colorado",    52197,3904,7.5%,12800,24.5%,2938,5.6%,359,25,72,6,7.00%,20.10%,1.70%,528,28,131,21,5.30%,24.80%,4.00%,1107,130,439,32,11.70%,39.70%,2.90%,15689,1778,5577,280,11.30%,35.50%,1.80%,35105,2019,6838,2614,5.80%,19.50%,7.40%,142,11,40,2,7.70%,28.20%,1.40%,342,21,60,9,6.10%,17.50%,2.60%,793,89,685,11,11.20%,86.40%,1.40%,9682,1095,3115,143,11.30%,32.20%,1.50%,30892,1774,6432,1088,5.70%,20.80%,3.50%
8039,"Elbert County, Colorado",   622263,1157,5.0%,162676,26.1%,2193,9.5%,164,14,42,16,8.50%,25.60%,9.80%,173,6,53,10,3.50%,30.60%,5.80%,439,64,230,16,14.60%,52.40%,3.60%,1234,111,466,65,9.00%,37.80%,5.30%,21005,969,5066,2075,4.60%,24.10%,9.90%,128,8,46,6,6.30%,35.90%,4.70%,74,10,24,4,13.50%,32.40%,5.40%,349,42,342,10,12.00%,98.00%,2.90%,766,75,308,26,9.80%,40.20%,3.40%,18511,1174,5470,1140,6.30%,29.50%,6.20%
8041,"El Paso County, Colorado",    23086,45212,7.3%,5854,25.4%,62051,10.0%,38492,3039,11212,2485,7.90%,29.10%,6.50%,17055,873,3693,1633,5.10%,21.70%,9.60%,31787,5577,16915,743,17.50%,53.20%,2.30%,93665,11078,35876,4134,11.80%,38.30%,4.40%,447947,26685,100432,52959,6.00%,22.40%,11.80%,33670,3084,11114,1479,9.20%,33.00%,4.40%,13099,848,2779,977,6.50%,21.20%,7.50%,20213,3544,20465,490,17.50%,101.20%,2.40%,58401,6853,21519,2232,11.70%,36.80%,3.80%,393819,25791,98959,39595,6.50%,25.10%,10.10%
8043,"Fremont County, Colorado",    46824,2120,4.5%,8211,17.5%,8244,17.6%,1843,11,52,20,0.60%,2.80%,1.10%,282,10,53,18,3.50%,18.80%,6.40%,881,112,326,93,12.70%,37.00%,10.60%,5770,358,1170,406,6.20%,20.30%,7.00%,37647,1655,6629,7686,4.40%,17.60%,20.40%,2464,19,41,20,0.80%,1.70%,0.80%,232,4,47,13,1.70%,20.30%,5.60%,842,77,756,68,9.10%,89.80%,8.10%,4776,242,1002,291,5.10%,21.00%,6.10%,37408,1898,8106,6328,5.10%,21.70%,16.90%
8045,"Garfield County, Colorado",    56389,4490,8.0%,15216,27.0%,4717,8.4%,385,34,104,14,8.80%,27.00%,3.60%,370,13,88,21,3.50%,23.80%,5.70%,1460,196,626,58,13.40%,42.90%,4.00%,15978,1958,6281,276,12.30%,39.30%,1.70%,38784,2387,8411,4349,6.20%,21.70%,11.20%,196,10,54,5,5.10%,27.60%,2.60%,191,12,48,8,6.30%,25.10%,4.20%,804,113,778,24,14.10%,96.80%,3.00%,7300,1022,2712,127,14.00%,37.20%,1.70%,35449,2155,8831,3673,6.10%,24.90%,10.40%
8047,"Gilpin County, Colorado",     5441,281,5.2%,959,17.6%,514,9.4%,28,1,6,2,3.60%,21.40%,7.10%,77,2,14,3,2.60%,18.20%,3.90%,97,6,35,7,6.20%,36.10%,7.20%,267,26,84,11,9.70%,31.50%,4.10%,4947,243,818,489,4.90%,16.50%,9.90%,25,1,4,2,4.00%,16.00%,8.00%,33,5,8,0,15.20%,24.20%,0.00%,89,15,85,1,16.90%,95.50%,1.10%,202,17,54,7,8.40%,26.70%,3.50%,4377,233,899,259,5.30%,20.50%,5.90%
8049,"Grand County, Colorado",    14843,838,5.6%,3018,20.3%,1519,10.2%,57,4,14,6,7.00%,24.60%,10.50%,125,4,14,9,3.20%,11.20%,7.20%,241,31,107,8,12.90%,44.40%,3.30%,1116,127,405,25,11.40%,36.30%,2.20%,13313,679,2497,1470,5.10%,18.80%,11.00%,60,1,10,0,1.70%,16.70%,0.00%,85,6,15,5,7.10%,17.60%,5.90%,143,17,124,2,11.90%,86.70%,1.40%,543,70,179,14,12.90%,33.00%,2.60%,11577,631,2469,946,5.50%,21.30%,8.20%
8051,"Gunnison County, Colorado",    15324,779,5.1%,2780,18.1%,1351,8.8%,48,3,5,2,6.30%,10.40%,4.20%,100,3,10,1,3.00%,10.00%,1.00%,302,28,101,10,9.30%,33.40%,3.30%,1255,118,399,39,9.40%,31.80%,3.10%,13658,639,2301,1297,4.70%,16.80%,9.50%,68,5,12,2,7.40%,17.60%,2.90%,75,0,8,4,0.00%,10.70%,5.30%,240,31,208,6,12.90%,86.70%,2.50%,700,81,217,35,11.60%,31.00%,5.00%,12886,544,2197,920,4.20%,17.00%,7.10%
8053,"Hinsdale County, Colorado",      843,60,7.1%,168,19.9%,147,17.4%,3,0,2,0,0.00%,66.70%,0.00%,3,0,0,0,0.00%,0.00%,0.00%,15,2,6,0,13.30%,40.00%,0.00%,24,3,6,2,12.50%,25.00%,8.30%,786,55,148,145,7.00%,18.80%,18.40%,0,0,0,0,0.00%,0.00%,0.00%,2,0,0,0,0.00%,0.00%,0.00%,4,0,2,0,0.00%,50.00%,0.00%,12,3,5,0,25.00%,41.70%,0.00%,763,43,145,92,5.60%,19.00%,12.10%
8055,"Huerfano County, Colorado",     6711,274,4.1%,1188,17.7%,1689,25.2%,35,0,12,8,0.00%,34.30%,22.90%,25,0,7,1,0.00%,28.00%,4.00%,260,25,85,56,9.60%,32.70%,21.50%,2368,149,605,451,6.30%,25.50%,19.00%,4151,115,546,1199,2.80%,13.20%,28.90%,216,4,17,1,1.90%,7.90%,0.50%,31,0,4,4,0.00%,12.90%,12.90%,292,23,255,22,7.90%,87.30%,7.50%,2763,169,753,390,6.10%,27.30%,14.10%,4590,158,804,923,3.40%,17.50%,20.10%
8057,"Jackson County, Colorado",     1394,62,4.4%,260,18.7%,257,18.4%,0,0,0,0,0.00%,0.00%,0.00%,1,0,0,0,0.00%,0.00%,0.00%,16,1,4,0,6.30%,25.00%,0.00%,150,14,51,3,9.30%,34.00%,2.00%,1219,47,203,252,3.90%,16.70%,20.70%,4,0,2,0,0.00%,50.00%,0.00%,1,0,0,0,0.00%,0.00%,0.00%,20,0,19,3,0.00%,95.00%,15.00%,103,11,53,3,10.70%,51.50%,2.90%,1452,78,345,200,5.40%,23.80%,13.80%
8059,"Jefferson County, Colorado",   534543,30411,5.7%,119090,22.3%,67411,12.6%,5667,395,1584,298,7.00%,28.00%,5.30%,14037,792,3388,1248,5.60%,24.10%,8.90%,14546,2205,6868,500,15.20%,47.20%,3.40%,76445,7513,26353,4183,9.80%,34.50%,5.50%,427160,20415,83380,61161,4.80%,19.50%,14.30%,4677,359,1421,161,7.70%,30.40%,3.40%,12036,913,3343,732,7.60%,27.80%,6.10%,11466,1742,11132,361,15.20%,97.10%,3.10%,52449,5619,18419,1935,10.70%,35.10%,3.70%,447416,25132,106217,47613,5.60%,23.70%,10.60%
8061,"Kiowa County, Colorado",     1398,70,5.0%,314,22.5%,300,21.5%,4,0,4,0,0.00%,100.00%,0.00%,0,0,0,0,0.00%,0.00%,0.00%,21,4,8,1,19.00%,38.10%,4.80%,78,8,37,6,10.30%,47.40%,7.70%,1304,62,272,293,4.80%,20.90%,22.50%,8,2,7,0,25.00%,87.50%,0.00%,0,0,0,0,0.00%,0.00%,0.00%,13,0,7,1,0.00%,53.80%,7.70%,51,4,16,1,7.80%,31.40%,2.00%,1530,90,388,282,5.90%,25.40%,18.40%
8063,"Kit Carson County, Colorado",     8270,550,6.7%,1839,22.2%,1322,16.0%,225,3,9,2,1.30%,4.00%,0.90%,36,5,9,3,13.90%,25.00%,8.30%,113,13,46,6,11.50%,40.70%,5.30%,1574,174,534,50,11.10%,33.90%,3.20%,6320,358,1249,1261,5.70%,19.80%,20.00%,139,0,1,1,0.00%,0.70%,0.70%,26,1,12,0,3.80%,46.20%,0.00%,73,8,78,5,11.00%,106.80%,6.80%,1095,121,414,28,11.10%,37.80%,2.60%,6678,365,1688,1134,5.50%,25.30%,17.00%
8065,"Lake County, Colorado",    51334,562,7.7%,10512,20.5%,647,8.9%,27,1,6,2,3.70%,22.20%,7.40%,33,3,6,2,9.10%,18.20%,6.10%,263,29,100,4,11.00%,38.00%,1.50%,2858,353,1104,132,12.40%,38.60%,4.60%,4252,191,667,507,4.50%,15.70%,11.90%,14,1,7,0,7.10%,50.00%,0.00%,24,2,11,1,8.30%,45.80%,4.20%,205,26,182,4,12.70%,88.80%,2.00%,2823,355,1086,83,12.60%,38.50%,2.90%,4809,246,961,423,5.10%,20.00%,8.80%
8067,"La Plata County, Colorado",     7310,2898,5.6%,1822,24.9%,5979,11.6%,204,18,44,14,8.80%,21.60%,6.90%,286,15,52,15,5.20%,18.20%,5.20%,1600,214,646,82,13.40%,40.40%,5.10%,6056,614,1941,440,10.10%,32.10%,7.30%,41245,1969,7558,5329,4.80%,18.30%,12.90%,136,6,25,5,4.40%,18.40%,3.70%,177,11,29,7,6.20%,16.40%,4.00%,989,128,913,36,12.90%,92.30%,3.60%,4571,380,1505,364,8.30%,32.90%,8.00%,36168,1619,7558,3655,4.50%,20.90%,10.10%
8069,"Larimer County, Colorado",   299630,17554,5.9%,64057,21.4%,35541,11.9%,2500,158,636,76,6.30%,25.40%,3.00%,5800,354,1382,346,6.10%,23.80%,6.00%,7905,1166,3564,223,14.80%,45.10%,2.80%,31628,3505,11340,1386,11.10%,35.90%,4.40%,253047,12758,48158,33482,5.00%,19.00%,13.20%,1650,131,452,30,7.90%,27.40%,1.80%,3917,314,918,167,8.00%,23.40%,4.30%,5515,844,5256,166,15.30%,95.30%,3.00%,20811,2241,7303,738,10.80%,35.10%,3.50%,220159,12013,49252,22923,5.50%,22.40%,10.40%
8071,"Las Animas County, Colorado",    15507,869,5.6%,3241,20.9%,2748,17.7%,218,6,31,4,2.80%,14.20%,1.80%,110,6,31,7,5.50%,28.20%,6.40%,531,58,189,51,10.90%,35.60%,9.60%,6446,474,1744,939,7.40%,27.10%,14.60%,8399,358,1340,1769,4.30%,16.00%,21.10%,60,5,11,4,8.30%,18.30%,6.70%,57,5,12,8,8.80%,21.10%,14.00%,582,50,465,61,8.60%,79.90%,10.50%,6304,431,1801,982,6.80%,28.60%,15.60%,8387,383,1738,1707,4.60%,20.70%,20.40%
8073,"Lincoln County, Colorado",     5467,304,5.6%,1120,20.5%,918,16.8%,290,3,22,8,1.00%,7.60%,2.80%,43,0,4,2,0.00%,9.30%,4.70%,104,11,49,5,10.60%,47.10%,4.80%,683,54,152,22,7.90%,22.30%,3.20%,4345,243,904,880,5.60%,20.80%,20.30%,302,3,12,4,1.00%,4.00%,1.30%,34,0,8,2,0.00%,23.50%,5.90%,95,10,89,5,10.50%,93.70%,5.30%,519,34,127,12,6.60%,24.50%,2.30%,5126,264,1270,846,5.20%,24.80%,16.50%
8075,"Logan County, Colorado",    22709,1178,5.2%,4542,20.0%,3321,14.6%,900,16,61,14,1.80%,6.80%,1.60%,127,4,21,6,3.10%,16.50%,4.70%,346,35,171,12,10.10%,49.40%,3.50%,3551,269,958,149,7.60%,27.00%,4.20%,17754,871,3394,3132,4.90%,19.10%,17.60%,420,11,38,2,2.60%,9.00%,0.50%,82,8,18,7,9.80%,22.00%,8.50%,293,50,292,10,17.10%,99.70%,3.40%,2439,260,839,96,10.70%,34.40%,3.90%,17310,986,4071,2849,5.70%,23.50%,16.50%
8077,"Mesa County, Colorado",   146723,9959,6.8%,34517,23.5%,21872,14.9%,935,71,284,39,7.60%,30.40%,4.20%,1121,62,242,92,5.50%,21.60%,8.20%,3893,608,1827,184,15.60%,46.90%,4.70%,19552,2264,7291,1115,11.60%,37.30%,5.70%,121944,7252,25608,20409,5.90%,21.00%,16.70%,537,54,191,19,10.10%,35.60%,3.50%,618,40,157,53,6.50%,25.40%,8.60%,2319,302,2128,154,13.00%,91.80%,6.60%,11651,1344,4347,714,11.50%,37.30%,6.10%,101110,5644,23550,16671,5.60%,23.30%,16.50%
8079,"Mineral County, Colorado",      712,20,2.8%,101,14.2%,164,23.0%,2,0,0,0,0.00%,0.00%,0.00%,1,0,0,0,0.00%,0.00%,0.00%,10,3,8,0,30.00%,80.00%,0.00%,21,1,8,2,4.80%,38.10%,9.50%,678,17,88,162,2.50%,13.00%,23.90%,0,0,0,0,0.00%,0.00%,0.00%,0,0,0,0,0.00%,0.00%,0.00%,18,4,17,0,22.20%,94.40%,0.00%,17,3,6,2,17.60%,35.30%,11.80%,793,31,157,141,3.90%,19.80%,17.80%
8081,"Moffat County, Colorado",    13795,1080,7.8%,3733,27.1%,1454,10.5%,42,3,14,2,7.10%,33.30%,4.80%,77,3,14,8,3.90%,18.20%,10.40%,306,39,127,13,12.70%,41.50%,4.20%,1985,247,750,65,12.40%,37.80%,3.30%,11412,791,2850,1361,6.90%,25.00%,11.90%,28,1,11,0,3.60%,39.30%,0.00%,44,4,17,3,9.10%,38.60%,6.80%,234,33,260,6,14.10%,111.10%,2.60%,1247,119,400,61,9.50%,32.10%,4.90%,11626,750,3228,1163,6.50%,27.80%,10.00%
8083,"Montezuma County, Colorado",    25535,1613,6.3%,5999,23.5%,4269,16.7%,58,2,23,3,3.40%,39.70%,5.20%,121,8,36,6,6.60%,29.80%,5.00%,675,118,356,44,17.50%,52.70%,6.50%,2818,311,1040,261,11.00%,36.90%,9.30%,19168,963,3711,3823,5.00%,19.40%,19.90%,33,3,10,3,9.10%,30.30%,9.10%,48,4,13,3,8.30%,27.10%,6.30%,568,98,579,37,17.30%,101.90%,6.50%,2263,251,854,172,11.10%,37.70%,7.60%,18476,1062,4486,2999,5.70%,24.30%,16.20%
8085,"Montrose County, Colorado",    41276,2640,6.4%,10179,24.7%,7349,17.8%,162,19,57,10,11.70%,35.20%,6.20%,255,16,59,19,6.30%,23.10%,7.50%,1000,132,469,64,13.20%,46.90%,6.40%,8127,951,3209,423,11.70%,39.50%,5.20%,31989,1593,6568,6828,5.00%,20.50%,21.30%,102,6,42,6,5.90%,41.20%,5.90%,140,10,51,5,7.10%,36.40%,3.60%,833,122,777,35,14.60%,93.30%,4.20%,4967,618,1965,223,12.40%,39.60%,4.50%,27554,1565,6680,4823,5.70%,24.20%,17.50%
8087,"Morgan County, Colorado",    28159,2164,7.7%,7875,28.0%,3965,14.1%,808,129,282,12,16.00%,34.90%,1.50%,140,13,29,14,9.30%,20.70%,10.00%,664,87,323,36,13.10%,48.60%,5.40%,9506,1102,3820,466,11.60%,40.20%,4.90%,17370,883,3614,3445,5.10%,20.80%,19.80%,91,19,43,2,20.90%,47.30%,2.20%,47,0,11,6,0.00%,23.40%,12.80%,675,99,647,30,14.70%,95.90%,4.40%,8473,1183,3538,283,14.00%,41.80%,3.30%,18191,1073,4511,3225,5.90%,24.80%,17.70%
8089,"Otero County, Colorado",    18831,1179,6.3%,4660,24.7%,3458,18.4%,143,11,41,11,7.70%,28.70%,7.70%,143,8,37,28,5.60%,25.90%,19.60%,718,95,327,63,13.20%,45.50%,8.80%,7596,682,2464,931,9.00%,32.40%,12.30%,10639,469,2032,2448,4.40%,19.10%,23.00%,154,15,60,11,9.70%,39.00%,7.10%,142,8,27,42,5.60%,19.00%,29.60%,601,82,549,47,13.60%,91.30%,7.80%,7642,683,2614,767,8.90%,34.20%,10.00%,12014,585,2622,2493,4.90%,21.80%,20.80%
8091,"Ouray County, Colorado",     4436,182,4.1%,797,18.0%,777,17.5%,7,0,4,0,0.00%,57.10%,0.00%,25,1,8,1,4.00%,32.00%,4.00%,60,5,21,9,8.30%,35.00%,15.00%,196,17,59,9,8.70%,30.10%,4.60%,4143,161,708,758,3.90%,17.10%,18.30%,3,0,0,0,0.00%,0.00%,0.00%,13,1,5,0,7.70%,38.50%,0.00%,64,3,55,4,4.70%,85.90%,6.30%,152,17,50,11,11.20%,32.90%,7.20%,3487,158,753,443,4.50%,21.60%,12.70%
8093,"Park County, Colorado",    16206,795,4.9%,3108,19.2%,1881,11.6%,69,4,17,5,5.80%,24.60%,7.20%,103,2,20,12,1.90%,19.40%,11.70%,383,49,169,19,12.80%,44.10%,5.00%,783,67,236,53,8.60%,30.10%,6.80%,14842,670,2694,1785,4.50%,18.20%,12.00%,72,6,22,4,8.30%,30.60%,5.60%,60,2,26,2,3.30%,43.30%,3.30%,267,28,231,14,10.50%,86.50%,5.20%,628,43,219,32,6.80%,34.90%,5.10%,13431,753,3046,1005,5.60%,22.70%,7.50%
8095,"Phillips County, Colorado",     4442,280,6.3%,1122,25.3%,919,20.7%,18,1,7,0,5.60%,38.90%,0.00%,26,1,5,2,3.80%,19.20%,7.70%,60,6,27,4,10.00%,45.00%,6.70%,830,90,325,27,10.80%,39.20%,3.30%,3526,186,771,884,5.30%,21.90%,25.10%,9,2,5,1,22.20%,55.60%,11.10%,18,1,5,1,5.60%,27.80%,5.60%,60,10,68,3,16.70%,113.30%,5.00%,527,90,224,16,17.10%,42.50%,3.00%,3865,208,945,844,5.40%,24.50%,21.80%
8097,"Pitkin County, Colorado",    17148,758,4.4%,2999,17.5%,1964,11.5%,93,9,24,2,9.70%,25.80%,2.20%,207,4,26,15,1.90%,12.60%,7.20%,241,23,75,3,9.50%,31.10%,1.20%,1561,109,419,31,7.00%,26.80%,2.00%,15067,619,2475,1909,4.10%,16.40%,12.70%,79,2,19,2,2.50%,24.10%,2.50%,167,10,30,2,6.00%,18.00%,1.20%,199,18,158,2,9.00%,79.40%,1.00%,973,93,250,7,9.60%,25.70%,0.70%,13479,504,2149,1001,3.70%,15.90%,7.40%
8099,"Prowers County, Colorado",    12551,967,7.7%,3404,27.1%,1835,14.6%,64,6,17,1,9.40%,26.60%,1.60%,38,4,14,1,10.50%,36.80%,2.60%,322,48,161,18,14.90%,50.00%,5.60%,4417,510,1720,285,11.50%,38.90%,6.50%,7873,439,1605,1532,5.60%,20.40%,19.50%,43,3,12,2,7.00%,27.90%,4.70%,54,4,13,5,7.40%,24.10%,9.30%,339,50,339,18,14.70%,100.00%,5.30%,4766,539,1861,244,11.30%,39.00%,5.10%,9427,571,2396,1557,6.10%,25.40%,16.50%
8101,"Pueblo County, Colorado",   159063,10546,6.6%,38915,24.5%,24346,15.3%,3222,208,873,362,6.50%,27.10%,11.20%,1258,74,287,110,5.90%,22.80%,8.70%,5854,766,2406,406,13.10%,41.10%,6.90%,65811,6024,21094,6495,9.20%,32.10%,9.90%,86054,4053,15932,17140,4.70%,18.50%,19.90%,2685,181,725,312,6.70%,27.00%,11.60%,926,66,233,63,7.10%,25.20%,6.80%,4788,638,4389,391,13.30%,91.70%,8.20%,53710,4938,17621,5110,9.20%,32.80%,9.50%,81624,4173,17194,15728,5.10%,21.10%,19.30%
8103,"Rio Blanco County, Colorado",     6666,491,7.4%,1621,24.3%,827,12.4%,50,4,6,2,8.00%,12.00%,4.00%,22,2,6,3,9.10%,27.30%,13.60%,152,20,65,9,13.20%,42.80%,5.90%,665,74,241,29,11.10%,36.20%,4.40%,5756,392,1306,781,6.80%,22.70%,13.60%,11,0,0,1,0.00%,0.00%,9.10%,17,2,5,1,11.80%,29.40%,5.90%,104,10,98,7,9.60%,94.20%,6.70%,296,29,102,8,9.80%,34.50%,2.70%,5546,303,1438,650,5.50%,25.90%,11.70%
8105,"Rio Grande County, Colorado",    11982,792,6.6%,3025,25.2%,1945,16.2%,43,3,24,1,7.00%,55.80%,2.30%,42,0,10,4,0.00%,23.80%,9.50%,388,36,151,32,9.30%,38.90%,8.20%,5086,447,1632,524,8.80%,32.10%,10.30%,6600,327,1311,1392,5.00%,19.90%,21.10%,43,11,22,4,25.60%,51.20%,9.30%,28,2,4,6,7.10%,14.30%,21.40%,343,38,324,32,11.10%,94.50%,9.30%,5172,479,1835,478,9.30%,35.50%,9.20%,7022,373,1597,1320,5.30%,22.70%,18.80%
8107,"Routt County, Colorado",    23509,1304,5.5%,4909,20.9%,1909,8.1%,99,6,19,0,6.10%,19.20%,0.00%,150,6,38,7,4.00%,25.30%,4.70%,367,55,154,13,15.00%,42.00%,3.50%,1600,178,519,30,11.10%,32.40%,1.90%,21310,1082,4220,1856,5.10%,19.80%,8.70%,25,2,6,2,8.00%,24.00%,8.00%,76,7,18,0,9.20%,23.70%,0.00%,252,20,207,4,7.90%,82.10%,1.60%,634,44,183,20,6.90%,28.90%,3.20%,18662,1004,4173,962,5.40%,22.40%,5.20%
8109,"Saguache County, Colorado",     6108,420,6.9%,1416,23.2%,893,14.6%,14,3,6,0,21.40%,42.90%,0.00%,47,3,8,7,6.40%,17.00%,14.90%,172,18,62,21,10.50%,36.00%,12.20%,2452,248,778,226,10.10%,31.70%,9.20%,3446,157,577,636,4.60%,16.70%,18.50%,7,2,5,0,28.60%,71.40%,0.00%,27,0,8,0,0.00%,29.60%,0.00%,182,18,159,12,9.90%,87.40%,6.60%,2678,250,991,198,9.30%,37.00%,7.40%,3053,139,644,429,4.60%,21.10%,14.10%
8111,"San Juan County, Colorado",      699,36,5.2%,128,18.3%,86,12.3%,0,0,0,0,0.00%,0.00%,0.00%,8,1,1,0,12.50%,12.50%,0.00%,16,3,9,0,18.80%,56.30%,0.00%,84,6,30,5,7.10%,35.70%,6.00%,595,26,91,81,4.40%,15.30%,13.60%,0,0,0,0,0.00%,0.00%,0.00%,1,0,1,0,0.00%,100.00%,0.00%,5,0,2,0,0.00%,40.00%,0.00%,41,2,13,5,4.90%,31.70%,12.20%,509,24,98,34,4.70%,19.30%,6.70%
8113,"San Miguel County, Colorado",     7359,457,6.2%,1447,19.7%,517,7.0%,29,1,4,0,3.40%,13.80%,0.00%,53,1,9,2,1.90%,17.00%,3.80%,130,11,47,4,8.50%,36.20%,3.10%,630,67,184,14,10.60%,29.20%,2.20%,6514,378,1207,496,5.80%,18.50%,7.60%,19,1,1,1,5.30%,5.30%,5.30%,49,6,13,0,12.20%,26.50%,0.00%,73,3,58,2,4.10%,79.50%,2.70%,439,20,80,7,4.60%,18.20%,1.60%,5959,264,1036,211,4.40%,17.40%,3.50%
8115,"Sedgwick County, Colorado",     2379,122,5.1%,460,19.3%,569,23.9%,8,0,1,2,0.00%,12.50%,25.00%,17,0,1,6,0.00%,5.90%,35.30%,39,4,15,4,10.30%,38.50%,10.30%,289,27,88,37,9.30%,30.40%,12.80%,2036,94,362,520,4.60%,17.80%,25.50%,14,0,5,3,0.00%,35.70%,21.40%,21,1,4,11,4.80%,19.00%,52.40%,56,6,54,6,10.70%,96.40%,10.70%,314,35,116,32,11.10%,36.90%,10.20%,2376,118,496,560,5.00%,20.90%,23.60%
8117,"Summit County, Colorado",    27994,1551,5.5%,4884,17.4%,2158,7.7%,230,10,35,1,4.30%,15.20%,0.40%,278,13,54,12,4.70%,19.40%,4.30%,435,48,124,13,11.00%,28.50%,3.00%,3989,453,1258,45,11.40%,31.50%,1.10%,23158,1046,3464,2085,4.50%,15.00%,9.00%,160,5,14,1,3.10%,8.80%,0.60%,205,17,49,3,8.30%,23.90%,1.50%,495,28,397,2,5.70%,80.20%,0.40%,2306,213,551,20,9.20%,23.90%,0.90%,20411,994,3367,745,4.90%,16.50%,3.60%
8119,"Teller County, Colorado",    23350,1094,4.7%,4780,20.5%,3023,12.9%,110,5,20,14,4.50%,18.20%,12.70%,165,9,38,9,5.50%,23.00%,5.50%,578,72,239,26,12.50%,41.30%,4.50%,1294,130,462,52,10.00%,35.70%,4.00%,21148,884,4035,2910,4.20%,19.10%,13.80%,113,3,41,4,2.70%,36.30%,3.50%,120,10,32,8,8.30%,26.70%,6.70%,411,53,390,17,12.90%,94.90%,4.10%,718,66,269,28,9.20%,37.50%,3.90%,19102,1053,4808,1473,5.50%,25.20%,7.70%
8121,"Washington County, Colorado",     4814,274,5.7%,1125,23.4%,928,19.3%,30,1,1,0,3.30%,3.30%,0.00%,11,0,5,0,0.00%,45.50%,0.00%,73,13,35,4,17.80%,47.90%,5.50%,407,52,158,20,12.80%,38.80%,4.90%,4306,215,935,902,5.00%,21.70%,20.90%,2,0,0,0,0.00%,0.00%,0.00%,5,0,3,0,0.00%,60.00%,0.00%,42,8,39,4,19.00%,92.90%,9.50%,310,46,146,15,14.80%,47.10%,4.80%,4568,258,1145,878,5.60%,25.10%,19.20%
8123,"Weld County, Colorado",   252825,20001,7.9%,70401,27.8%,24235,9.6%,2473,215,698,82,8.70%,28.20%,3.30%,3022,206,742,215,6.80%,24.60%,7.10%,7432,1151,3482,269,15.50%,46.90%,3.60%,71680,8181,27818,3346,11.40%,38.80%,4.70%,170827,10880,39440,20362,6.40%,23.10%,11.90%,1022,78,322,27,7.60%,31.50%,2.60%,1508,91,291,144,6.00%,19.30%,9.50%,4797,716,4603,142,14.90%,96.00%,3.00%,48935,5803,18905,1793,11.90%,38.60%,3.70%,126573,7771,30531,14164,6.10%,24.10%,11.20%
8125,"Yuma County, Colorado",    10043,769,7.7%,2647,26.4%,1623,16.2%,18,0,7,0,0.00%,38.90%,0.00%,23,1,4,4,4.30%,17.40%,17.40%,108,13,53,5,12.00%,49.10%,4.60%,2088,260,862,48,12.50%,41.30%,2.30%,7824,499,1736,1562,6.40%,22.20%,20.00%,11,0,6,0,0.00%,54.50%,0.00%,7,0,2,1,0.00%,28.60%,14.30%,119,9,118,8,7.60%,99.20%,6.70%,1268,186,550,26,14.70%,43.40%,2.10%,8474,463,2192,1575,5.50%,25.90%,18.60%
